QUALIFICATION,SEGMENT,CATEGORY,SUB CATEGORY
ACA,DIPLOMA,SCIENCE,ENGINEERING
ADBM,DIPLOMA,OTHERS,OTHERS
Advanced Certificate In Software Engineering,BACHELORS,SCIENCE,ENGINEERING
Advanced Diploma In Business Administration,DIPLOMA,COMMERCE,MANAGEMENT
AMFI Mutual Fund Certification,CERTIFICATE,CERTIFICATE,CERTIFICATE
B A,BACHELORS,ARTS,ARTS
B Com,BACHELORS,COMMERCE,COMMERCE
B Sc,BACHELORS,SCIENCE,ENGINEERING
B Tech,BACHELORS,SCIENCE,ENGINEERING
B.Ed,BACHELORS,ARTS,ARTS
B.Sc IT,BACHELORS,SCIENCE,ENGINEERING
Bachelor in Arts,BACHELORS,ARTS,ARTS
Bachelor in Business Administration,BACHELORS,COMMERCE,MANAGEMENT
Bachelor in Business Management,BACHELORS,COMMERCE,MANAGEMENT
Bachelor in Business Studies,BACHELORS,COMMERCE,MANAGEMENT
Bachelor in Commerce,BACHELORS,COMMERCE,COMMERCE
Bachelor in Computer Aided Management,BACHELORS,SCIENCE,ENGINEERING
Bachelor in Computer Application,BACHELORS,SCIENCE,ENGINEERING
Bachelor in Computer Science,BACHELORS,SCIENCE,ENGINEERING
Bachelor in Corporate Secretaryship,BACHELORS,COMMERCE,MANAGEMENT
Bachelor in Education,BACHELORS,BACHELORS,BACHELORS
Bachelor in Engineering,BACHELORS,SCIENCE,ENGINEERING
Bachelor in Home Science,BACHELORS,ARTS,ARTS
Bachelor in Hotel Management,BACHELORS,ARTS,HOTEL MANAGEMENT
Bachelor in Information Technology,BACHELORS,SCIENCE,ENGINEERING
Bachelor in Journalism & Mass Communcation,BACHELORS,ARTS,MASS MEDIA
Bachelor in Law,BACHELORS,COMMERCE,LAW
Bachelor in Management & Information Technology,BACHELORS,SCIENCE,ENGINEERING
Bachelor in Management Studies,BACHELORS,COMMERCE,MANAGEMENT
Bachelor in Pharmacy,BACHELORS,SCIENCE,PHARMACEUTICALS
Bachelor in Physical Education,BACHELORS,SCIENCE,PHARMACEUTICALS
Bachelor in Physiotherapy,BACHELORS,SCIENCE,PHARMACEUTICALS
Bachelor in Science,BACHELORS,SCIENCE,SCIENCE
Bachelor in Social Work,BACHELORS,ARTS,SOCIAL
Bachelor in Socio-Legal Science,BACHELORS,COMMERCE,LAW
Bachelor in Technology,BACHELORS,SCIENCE,ENGINEERING
Bachelor in Textiles,BACHELORS,ARTS,TEXTILE
Bachelor in Tourism Management,BACHELORS,ARTS,TOURISM
Bachelor Of Mass Media,BACHELORS,ARTS,MASS MEDIA
BAMS,BACHELORS,SCIENCE,PHARMACEUTICALS
BBA,BACHELORS,ARTS,ARTS
BCA,BACHELORS,SCIENCE,ENGINEERING
BE,BACHELORS,SCIENCE,ENGINEERING
CA,DIPLOMA,COMMERCE,ACCOUNTS
Chartered Accountant,DIPLOMA,COMMERCE,ACCOUNTS
Chartered Financial Analyst,DIPLOMA,COMMERCE,FINANCE
Degree in Electronics & Communication Engineering,BACHELORS,SCIENCE,ENGINEERING
Diploma,DIPLOMA,GENERAL,GENERAL
Diploma in Airlines & Travel Management,DIPLOMA,ARTS,TOURISM
Diploma in Automobile Engineering,DIPLOMA,SCIENCE,ENGINEERING
Diploma in Business Administration,DIPLOMA,COMMERCE,MANAGEMENT
Diploma in Business Finance,DIPLOMA,COMMERCE,FINANCE
Diploma in Business Management,DIPLOMA,COMMERCE,MANAGEMENT
Diploma in Chemical Engineering,DIPLOMA,SCIENCE,ENGINEERING
Diploma In Chemical Technology,DIPLOMA,SCIENCE,ENGINEERING
Diploma in Civil Engineering,DIPLOMA,SCIENCE,ENGINEERING
Diploma in Commercial Practise,DIPLOMA,COMMERCE,FINANCE
Diploma in Computer Application,DIPLOMA,SCIENCE,ENGINEERING
Diploma in Computer Engineering,DIPLOMA,SCIENCE,ENGINEERING
Diploma in Computer Programming,DIPLOMA,SCIENCE,ENGINEERING
Diploma In Computer Science and Application,DIPLOMA,SCIENCE,ENGINEERING
Diploma in Computers,DIPLOMA,SCIENCE,ENGINEERING
Diploma in Digital Electronics,DIPLOMA,SCIENCE,ENGINEERING
Diploma in Elec. & Telecom,DIPLOMA,SCIENCE,ENGINEERING
Diploma in Electrical Engineering,DIPLOMA,SCIENCE,ENGINEERING
Diploma in Electronics,DIPLOMA,SCIENCE,ENGINEERING
Diploma in Electronics & Communication Engineering,DIPLOMA,SCIENCE,ENGINEERING
Diploma in Electronics And Telecommunications,DIPLOMA,SCIENCE,ENGINEERING
Diploma in Engg.,DIPLOMA,SCIENCE,ENGINEERING
Diploma in Export Management,DIPLOMA,COMMERCE,TRADE
Diploma in Fabrication Technology,DIPLOMA,ARTS,TEXTILE
Diploma in Fashion Designing,DIPLOMA,ARTS,TEXTILE
Diploma in Finance Management,DIPLOMA,COMMERCE,FINANCE
Diploma In Homeopathy Medicine & Surgery,DIPLOMA,SCIENCE,PHARMACEUTICALS
Diploma in Hospital & Health Care Management,DIPLOMA,SCIENCE,PHARMACEUTICALS
Diploma In Hotel & Tourism Management,DIPLOMA,ARTS,HOTEL MANAGEMENT
Diploma in Hotel Management,DIPLOMA,ARTS,HOTEL MANAGEMENT
Diploma in Hotel management and catering technology,DIPLOMA,ARTS,HOTEL MANAGEMENT
Diploma in Human Resource Management,DIPLOMA,ARTS,HUMAN RESOURCES
Diploma In Income Tax & Sales Tax,DIPLOMA,COMMERCE,ACCOUNTS
Diploma in Industrial Electronics,DIPLOMA,SCIENCE,ENGINEERING
Diploma in Information Technology,DIPLOMA,SCIENCE,ENGINEERING
Diploma in Interior Designing And Decoration,DIPLOMA,ARTS,ARTS
Diploma in International Business Administration,DIPLOMA,COMMERCE,TRADE
Diploma in International Trade Management,DIPLOMA,COMMERCE,TRADE
Diploma in Management Studies,DIPLOMA,OTHERS,OTHERS
Diploma in Marketing Management,DIPLOMA,COMMERCE,MARKETING
Diploma in Mechanical Engg,DIPLOMA,SCIENCE,ENGINEERING
Diploma in Mechanical Engineering,DIPLOMA,SCIENCE,ENGINEERING
Diploma in Personnel Management & Human Resource,DIPLOMA,ARTS,HUMAN RESOURCES
Diploma in Pharmacy,DIPLOMA,SCIENCE,PHARMACEUTICALS
Diploma in Plastic Engineering,DIPLOMA,SCIENCE,ENGINEERING
Diploma in Sanitary Inspection,DIPLOMA,ARTS,ARTS
Diploma in Systems Management,DIPLOMA,SCIENCE,ENGINEERING
Diploma In Technology and Management,DIPLOMA,SCIENCE,ENGINEERING
Diploma in Textile Processing,DIPLOMA,ARTS,TEXTILE
Doctor Of Medicine,MASTERS,SCIENCE,PHARMACEUTICALS
DOEACC,OTHERS,OTHERS,OTHERS
Executive Program In Business Management,MASTERS,COMMERCE,MANAGEMENT
F.Y. B Com,HSC/SSC,HSC/SSC,HSC/SSC
F.Y. B.A,HSC/SSC,HSC/SSC,HSC/SSC
GDBA,BACHELORS,ARTS,ARTS
Graduate,BACHELORS,BACHELORS,BACHELORS
Higher Secondary Certificate,HSC/SSC,HSC/SSC,HSC/SSC
Honours Diploma in Systems Engineering,DIPLOMA,SCIENCE,ENGINEERING
HSC,HSC/SSC,HSC/SSC,HSC/SSC
ICWA,DIPLOMA,COMMERCE,ACCOUNTS
ICWA Inter,DIPLOMA,COMMERCE,ACCOUNTS
Inter,OTHERS,OTHERS,OTHERS
ITI,OTHERS,OTHERS,OTHERS
Licentiate ,DIPLOMA,COMMERCE,INSURANCE
LLB,BACHELORS,COMMERCE,LAW
M Com,MASTERS,COMMERCE,COMMERCE
M.E,MASTERS,SCIENCE,ENGINEERING
M.Phil,MASTERS,ARTS,ARTS
M.Tech,MASTERS,SCIENCE,ENGINEERING
MA,MASTERS,ARTS,ARTS
Master Degree In Journalism & Mass Communication,MASTERS,ARTS,MASS MEDIA
Master in Actuarial Science,MASTERS,COMMERCE,INSURANCE
Master in Human Resource Development,MASTERS,ARTS,HUMAN RESOURCES
Masters in Arts,MASTERS,ARTS,ARTS
Masters in Business Administration,MASTERS,COMMERCE,MANAGEMENT
Masters in Business Economics,MASTERS,COMMERCE,MANAGEMENT
Masters in Business Management,MASTERS,COMMERCE,MANAGEMENT
Masters in Business Studies,MASTERS,OTHERS,OTHERS
Masters in Commerce,MASTERS,COMMERCE,COMMERCE
Masters in Computer Application,MASTERS,SCIENCE,ENGINEERING
Masters in Computer Management,MASTERS,SCIENCE,ENGINEERING
Masters in Computer Science,MASTERS,SCIENCE,ENGINEERING
Masters in E-Business,MASTERS,COMMERCE,COMMERCE
Masters in Finance & Control,MASTERS,COMMERCE,FINANCE
Masters in Human Resources Development Management,MASTERS,ARTS,HUMAN RESOURCES
Masters in Industrial Relations & Personnel Management,MASTERS,ARTS,HUMAN RESOURCES
Masters in Information Technology,MASTERS,SCIENCE,ENGINEERING
Masters in Labour Welfare,MASTERS,ARTS,HUMAN RESOURCES
Masters in Management Science,MASTERS,OTHERS,OTHERS
Masters in Management Studies,MASTERS,COMMERCE,MANAGEMENT
Masters in Marketing Management,MASTERS,COMMERCE,MARKETING
Masters in Mass Communication,MASTERS,ARTS,MASS MEDIA
Masters in Personnel Management,MASTERS,ARTS,HUMAN RESOURCES
Masters in Pharmacy,MASTERS,SCIENCE,PHARMACEUTICALS
Masters in Philosophy,MASTERS,ARTS,HUMAN RESOURCES
Masters in Science,MASTERS,SCIENCE,SCIENCE
Masters in Social Work,MASTERS,ARTS,SOCIAL
Masters in Tourism Administration,MASTERS,ARTS,TOURISM
MBA,MASTERS,OTHERS,OTHERS
MCA,MASTERS,SCIENCE,ENGINEERING
MCM,MASTERS,SCIENCE,ENGINEERING
Mechanical Engineering,MASTERS,SCIENCE,ENGINEERING
MHRM,MASTERS,ARTS,HUMAN RESOURCES
MIM,MASTERS,OTHERS,OTHERS
MMS,MASTERS,OTHERS,OTHERS
NCFM,CERTIFICATE,CERTIFICATE,CERTIFICATE
Others,OTHERS,OTHERS,OTHERS
P.G.,MASTERS,OTHERS,OTHERS
PGD,MASTERS,MASTERS,MASTERS
PGDBA,MASTERS,ARTS,ARTS
PGDBM,MASTERS,COMMERCE,MANAGEMENT
PGDC,MASTERS,OTHERS,OTHERS
PGDCA,MASTERS,SCIENCE,ENGINEERING
PGDM,MASTERS,OTHERS,OTHERS
PGDMM,MASTERS,MARKETING,MARKETING
PGDMS,MASTERS,SCIENCE,MATERIAL MANAGEMENT
PGMBA,MASTERS,OTHERS,OTHERS
PGP,MASTERS,MASTERS,MASTERS
PGPM,MASTERS,MASTERS,MASTERS
Post Graduate Diploma In Banking,MASTERS,COMMERCE,FINANCE
Post Graduate Diploma in Computer Application,MASTERS,SCIENCE,ENGINEERING
Post Graduate Diploma in Export Import Mangement,MASTERS,COMMERCE,MARKETING
Post Graduate Diploma in Hospital & Health Care Management,MASTERS,SCIENCE,PHARMACEUTICALS
Post Graduate Diploma In Information Management,MASTERS,SCIENCE,ENGINEERING
Post Graduate Diploma In International Business,MASTERS,COMMERCE,TRADE
Post Graduate Diploma In IT & Management,MASTERS,SCIENCE,ENGINEERING
Post Graduate Diploma In Management,MASTERS,COMMERCE,MANAGEMENT
Post Graduate Diploma in Marketing & Sales Management,MASTERS,MARKETING,MARKETING
Post Graduate Diploma in Marketing Management,MASTERS,COMMERCE,MARKETING
Post Graduate Diploma in Personnel Management and Labour Management,MASTERS,ARTS,HUMAN RESOURCES
Post Graduate Diploma In Pharma Management,MASTERS,SCIENCE,PHARMACEUTICALS
Post Graduate in Applied Electronics and Microwave Technology,MASTERS,SCIENCE,ENGINEERING
Post Graduate in Business Administration,MASTERS,COMMERCE,MANAGEMENT
Post Graduate in Business Entrepreneurship & Management,MASTERS,MARKETING,MANAGEMENT
Post Graduate in Business Management,MASTERS,COMMERCE,MANAGEMENT
Post Graduate in Computer Science & Application,MASTERS,SCIENCE,ENGINEERING
Post Graduate in Financial Management,MASTERS,COMMERCE,FINANCE
Post Graduate in Human Resources Management,MASTERS,ARTS,HUMAN RESOURCES
Post Graduate in Information Technology,MASTERS,SCIENCE,ENGINEERING
Post Graduate in Journalism,MASTERS,ARTS,MASS MEDIA
Post Graduate in Management,MASTERS,COMMERCE,MANAGEMENT
Post Graduate in Management & Business Administration Programme,MASTERS,COMMERCE,MANAGEMENT
Post Graduate in Marketing & Sales Mgmt,MASTERS,MARKETING,MARKETING
Post Graduate in Marketing Management,MASTERS,COMMERCE,MARKETING
Post Graduate in Mass Communication,MASTERS,ARTS,MASS MEDIA
Post Graduate in Personnel Management,MASTERS,ARTS,HUMAN RESOURCES
Post Graduate in Planning And Management,MASTERS,COMMERCE,MANAGEMENT
Post Graduate in Tax Management,MASTERS,COMMERCE,ACCOUNTS
Post Graduation,MASTERS,MASTERS,MASTERS
S.Y Bsc,HSC/SSC,HSC/SSC,HSC/SSC
S.Y.B.A,HSC/SSC,HSC/SSC,HSC/SSC
S.Y.B.Com,HSC/SSC,HSC/SSC,HSC/SSC
Secondary School Certificate,HSC/SSC,HSC/SSC,HSC/SSC
SSC,HSC/SSC,HSC/SSC,HSC/SSC
